-- MySQL Script generated by MySQL Workbench
-- Wed Feb 15 19:30:20 2017
-- Model: New Model    Version: 1.0
SET @OLD_UNIQUE_CHECKS=@@UNIQUE_CHECKS, UNIQUE_CHECKS=0;
SET @OLD_FOREIGN_KEY_CHECKS=@@FOREIGN_KEY_CHECKS, FOREIGN_KEY_CHECKS=0;
SET @OLD_SQL_MODE=@@SQL_MODE, SQL_MODE='TRADITIONAL,ALLOW_INVALID_DATES';

-- -----------------------------------------------------
-- Schema rkp14
-- -----------------------------------------------------
DROP SCHEMA IF EXISTS `rkp14` ;
CREATE SCHEMA IF NOT EXISTS `rkp14` DEFAULT CHARACTER SET utf8 COLLATE utf8_general_ci ;
SHOW WARNINGS;
USE `rkp14` ;

-- -----------------------------------------------------
-- Table `rkp14`.`store`
-- -----------------------------------------------------
DROP TABLE IF EXISTS `rkp14`.`store` ;

SHOW WARNINGS;
CREATE TABLE IF NOT EXISTS `rkp14`.`store` (
  `str_id` INT UNSIGNED NOT NULL AUTO_INCREMENT,
  `str_name` VARCHAR(45) NOT NULL,
  `str_street` VARCHAR(45) NOT NULL,
  `str_city` VARCHAR(45) NOT NULL,
  `str_state` CHAR(2) NOT NULL,
  `str_zip` INT UNSIGNED ZEROFILL NOT NULL,
  `str_phone` BIGINT UNSIGNED NOT NULL,
  `str_url` VARCHAR(45) NOT NULL,
  `str_email` VARCHAR(45) NOT NULL,
  `str_ytd_sales` DECIMAL(9,2) NOT NULL,
  `str_note` VARCHAR(255) NULL,
  PRIMARY KEY (`str_id`))
ENGINE = InnoDB;

SHOW WARNINGS;

-- -----------------------------------------------------
-- Table `rkp14`.`customer`
-- -----------------------------------------------------
DROP TABLE IF EXISTS `rkp14`.`customer` ;

SHOW WARNINGS;
CREATE TABLE IF NOT EXISTS `rkp14`.`customer` (
  `cus_id` INT UNSIGNED NOT NULL AUTO_INCREMENT,
  `cus_lname` VARCHAR(20) NOT NULL,
  `cus_fname` VARCHAR(20) NOT NULL,
  `cus_street` VARCHAR(30) NOT NULL,
  `cus_city` VARCHAR(20) NOT NULL,
  `cus_state` CHAR(2) NOT NULL,
  `cus_zip` INT UNSIGNED ZEROFILL NOT NULL,
  `cus_phone` BIGINT UNSIGNED NOT NULL,
  `cus_email` VARCHAR(45) NOT NULL,
  `cus_url` VARCHAR(45) NOT NULL,
  `cus_balance` INT UNSIGNED NOT NULL,
  `cus_total_sales` INT UNSIGNED NULL,
  `cus_note` VARCHAR(255) NULL,
  PRIMARY KEY (`cus_id`))
ENGINE = InnoDB;

SHOW WARNINGS;

-- -----------------------------------------------------
-- Table `rkp14`.`pet`
-- -----------------------------------------------------
DROP TABLE IF EXISTS `rkp14`.`pet` ;

SHOW WARNINGS;
CREATE TABLE IF NOT EXISTS `rkp14`.`pet` (
  `pet_id` INT UNSIGNED NOT NULL AUTO_INCREMENT,
  `str_id` INT UNSIGNED NOT NULL,
  `cus_id` INT UNSIGNED NULL,
  `pet_type` VARCHAR(45) NOT NULL,
  `pet_sex` ENUM('M', 'F') NOT NULL,
  `pet_cost` INT UNSIGNED NOT NULL,
  `pet_price` INT UNSIGNED NOT NULL,
  `pet_age` INT UNSIGNED NOT NULL,
  `pet_color` VARCHAR(45) NOT NULL,
  `pet_sale_date` DATE NULL,
  `pet_vaccine` ENUM('Y', 'N') NOT NULL,
  `pet_neuter` ENUM('Y', 'N') NOT NULL,
  `pet_note` VARCHAR(255) NULL,
  PRIMARY KEY (`pet_id`),
  INDEX `fk_pet_store_idx` (`str_id` ASC),
  INDEX `fk_pet_Customer1_idx` (`cus_id` ASC),
  CONSTRAINT `fk_pet_store`
    FOREIGN KEY (`str_id`)
    REFERENCES `rkp14`.`store` (`str_id`)
    ON DELETE CASCADE
    ON UPDATE CASCADE,
  CONSTRAINT `fk_pet_Customer1`
    FOREIGN KEY (`cus_id`)
    REFERENCES `rkp14`.`customer` (`cus_id`)
    ON DELETE NO ACTION
    ON UPDATE NO ACTION)
ENGINE = InnoDB;

SHOW WARNINGS;

SET SQL_MODE=@OLD_SQL_MODE;
SET FOREIGN_KEY_CHECKS=@OLD_FOREIGN_KEY_CHECKS;
SET UNIQUE_CHECKS=@OLD_UNIQUE_CHECKS;

-- -----------------------------------------------------
-- Data for table `rkp14`.`store`
-- -----------------------------------------------------
START TRANSACTION;
USE `rkp14`;
INSERT INTO `rkp14`.`store` (`str_id`, `str_name`, `str_street`, `str_city`, `str_state`, `str_zip`, `str_phone`, `str_url`, `str_email`, `str_ytd_sales`, `str_note`) VALUES (1, 'Dragon Love', 'Vally Ave', 'St Andrews', 'FL', 31311, 9668782614, 'dragonlove.com', 'dragonlove@gmail.com', 3, NULL);
INSERT INTO `rkp14`.`store` (`str_id`, `str_name`, `str_street`, `str_city`, `str_state`, `str_zip`, `str_phone`, `str_url`, `str_email`, `str_ytd_sales`, `str_note`) VALUES (2, 'Dragon Shop', 'High Street', 'Hogesmeed', 'SC', 32123, 8789422405, 'dragonshop.com', 'dragonshop@gmail.com', 2, NULL);
INSERT INTO `rkp14`.`store` (`str_id`, `str_name`, `str_street`, `str_city`, `str_state`, `str_zip`, `str_phone`, `str_url`, `str_email`, `str_ytd_sales`, `str_note`) VALUES (3, 'Dragonz', 'Main Street', 'Orlando', 'FL', 32452, 3213908975, 'dragonz.com', 'drangonz@hotmail.com', 0, NULL);
INSERT INTO `rkp14`.`store` (`str_id`, `str_name`, `str_street`, `str_city`, `str_state`, `str_zip`, `str_phone`, `str_url`, `str_email`, `str_ytd_sales`, `str_note`) VALUES (4, 'Fire ', 'Ice', 'Brooklyn', 'NY', 59063, 4908762058, 'fireonice.com', 'fireonice@gmail.com', 0, NULL);
INSERT INTO `rkp14`.`store` (`str_id`, `str_name`, `str_street`, `str_city`, `str_state`, `str_zip`, `str_phone`, `str_url`, `str_email`, `str_ytd_sales`, `str_note`) VALUES (5, 'Wingz', 'Freedom', 'New Orleans', 'LA', 39503, 3955737927, 'wingz.com', 'wingz@yahoo.com', 0, NULL);
INSERT INTO `rkp14`.`store` (`str_id`, `str_name`, `str_street`, `str_city`, `str_state`, `str_zip`, `str_phone`, `str_url`, `str_email`, `str_ytd_sales`, `str_note`) VALUES (6, 'Hot Fire', 'First', 'Orlando', 'FL', 54322, 4532565436, 'hotfire.com', 'hotfire@gmail.com', 1, NULL);
INSERT INTO `rkp14`.`store` (`str_id`, `str_name`, `str_street`, `str_city`, `str_state`, `str_zip`, `str_phone`, `str_url`, `str_email`, `str_ytd_sales`, `str_note`) VALUES (7, 'Foundation', 'Dublin', 'Atlanta', 'GA', 35422, 5439390012, 'foundation.com', 'foundation@yahoo.com', 1, NULL);
INSERT INTO `rkp14`.`store` (`str_id`, `str_name`, `str_street`, `str_city`, `str_state`, `str_zip`, `str_phone`, `str_url`, `str_email`, `str_ytd_sales`, `str_note`) VALUES (8, 'Hot Stuff', 'Winston', 'Warner', 'GA', 34244, 4534234555, 'hotstuff.com', 'hotstuff@gmail.com', 1, NULL);
INSERT INTO `rkp14`.`store` (`str_id`, `str_name`, `str_street`, `str_city`, `str_state`, `str_zip`, `str_phone`, `str_url`, `str_email`, `str_ytd_sales`, `str_note`) VALUES (9, 'Fly Guy', 'Third', 'Melbourne', 'FL', 54323, 5643564354, 'flyguy.com', 'flyguy@hotmail.com', 1, NULL);
INSERT INTO `rkp14`.`store` (`str_id`, `str_name`, `str_street`, `str_city`, `str_state`, `str_zip`, `str_phone`, `str_url`, `str_email`, `str_ytd_sales`, `str_note`) VALUES (10, 'Flaming', 'Second', 'London', 'NY', 43334, 5432425543, 'flaming.com', 'flaming@gmail.com', 1, NULL);

COMMIT;


-- -----------------------------------------------------
-- Data for table `rkp14`.`customer`
-- -----------------------------------------------------
START TRANSACTION;
USE `rkp14`;
INSERT INTO `rkp14`.`customer` (`cus_id`, `cus_lname`, `cus_fname`, `cus_street`, `cus_city`, `cus_state`, `cus_zip`, `cus_phone`, `cus_email`, `cus_url`, `cus_balance`, `cus_total_sales`, `cus_note`) VALUES (1, 'Boortz', 'Courtney', 'Brevard', 'Tallahassee', 'FL', 32304, 3218782614, 'cjb@my.fsu.edu', 'courtneyjoe.com ', 51, 66, NULL);
INSERT INTO `rkp14`.`customer` (`cus_id`, `cus_lname`, `cus_fname`, `cus_street`, `cus_city`, `cus_state`, `cus_zip`, `cus_phone`, `cus_email`, `cus_url`, `cus_balance`, `cus_total_sales`, `cus_note`) VALUES (2, 'Beaver', 'Mary ', 'West', 'Tallahassee', 'FL', 32304, 7508501239, 'mdb@my.fsu.edu', 'md_doc.com', 54, 67, NULL);
INSERT INTO `rkp14`.`customer` (`cus_id`, `cus_lname`, `cus_fname`, `cus_street`, `cus_city`, `cus_state`, `cus_zip`, `cus_phone`, `cus_email`, `cus_url`, `cus_balance`, `cus_total_sales`, `cus_note`) VALUES (3, 'Vani', 'Ganaum', 'Brevard', 'Tallahassee', 'FL', 32304, 4508964321, 'figleader@my.fsu.edu', 'figleader.com', 3, 68, NULL);
INSERT INTO `rkp14`.`customer` (`cus_id`, `cus_lname`, `cus_fname`, `cus_street`, `cus_city`, `cus_state`, `cus_zip`, `cus_phone`, `cus_email`, `cus_url`, `cus_balance`, `cus_total_sales`, `cus_note`) VALUES (4, 'Christina', 'Valenti', 'Stadium', 'Tallahassee', 'FL', 32304, 3456789034, 'cfv@my.fsu.edu', 'redheadz.com', 2, 43, NULL);
INSERT INTO `rkp14`.`customer` (`cus_id`, `cus_lname`, `cus_fname`, `cus_street`, `cus_city`, `cus_state`, `cus_zip`, `cus_phone`, `cus_email`, `cus_url`, `cus_balance`, `cus_total_sales`, `cus_note`) VALUES (5, 'Catlin', 'Putnal', 'Trail', 'Tallahassee', 'FL', 32304, 3498752345, 'cput@my.fsu.edu', 'putput.com ', 52, 59, NULL);
INSERT INTO `rkp14`.`customer` (`cus_id`, `cus_lname`, `cus_fname`, `cus_street`, `cus_city`, `cus_state`, `cus_zip`, `cus_phone`, `cus_email`, `cus_url`, `cus_balance`, `cus_total_sales`, `cus_note`) VALUES (6, 'Zero', 'Hero', 'First', 'Orlando', 'FL', 34542, 5436543234, 'hero@my.fsu.edu', 'hero.com', 44, 45, NULL);
INSERT INTO `rkp14`.`customer` (`cus_id`, `cus_lname`, `cus_fname`, `cus_street`, `cus_city`, `cus_state`, `cus_zip`, `cus_phone`, `cus_email`, `cus_url`, `cus_balance`, `cus_total_sales`, `cus_note`) VALUES (7, 'Beats', 'Valentine', 'Second', 'Melbourne', 'AU', 47755, 7654323444, 'beats@my.fsu.edu', 'beats.com', 43, 76, NULL);
INSERT INTO `rkp14`.`customer` (`cus_id`, `cus_lname`, `cus_fname`, `cus_street`, `cus_city`, `cus_state`, `cus_zip`, `cus_phone`, `cus_email`, `cus_url`, `cus_balance`, `cus_total_sales`, `cus_note`) VALUES (8, 'Fire', 'Betty', 'Mid', 'Town', 'FL', 54322, 6543245655, 'fire@gmail.com', 'fire.com', 3, 89, NULL);
INSERT INTO `rkp14`.`customer` (`cus_id`, `cus_lname`, `cus_fname`, `cus_street`, `cus_city`, `cus_state`, `cus_zip`, `cus_phone`, `cus_email`, `cus_url`, `cus_balance`, `cus_total_sales`, `cus_note`) VALUES (9, 'Office', 'Depot', 'Lanister', 'Middle', 'GA', 43245, 5432345444, 'office@yahoo.com', 'office.com', 4, 65, NULL);
INSERT INTO `rkp14`.`customer` (`cus_id`, `cus_lname`, `cus_fname`, `cus_street`, `cus_city`, `cus_state`, `cus_zip`, `cus_phone`, `cus_email`, `cus_url`, `cus_balance`, `cus_total_sales`, `cus_note`) VALUES (10, 'Dude', 'Guy', 'Third', 'Atlanta', 'GA', 54323, 4532566442, 'dude@gmail.com', 'dude.com', 43, 678, NULL);

COMMIT;


-- -----------------------------------------------------
-- Data for table `rkp14`.`pet`
-- -----------------------------------------------------
START TRANSACTION;
USE `rkp14`;
INSERT INTO `rkp14`.`pet` (`pet_id`, `str_id`, `cus_id`, `pet_type`, `pet_sex`, `pet_cost`, `pet_price`, `pet_age`, `pet_color`, `pet_sale_date`, `pet_vaccine`, `pet_neuter`, `pet_note`) VALUES (1, 2, 1, 'razorback', 'm', 200, 250, 10, 'brown', '2014-12-12', 'y', 'n', 'cuddle buddy ');
INSERT INTO `rkp14`.`pet` (`pet_id`, `str_id`, `cus_id`, `pet_type`, `pet_sex`, `pet_cost`, `pet_price`, `pet_age`, `pet_color`, `pet_sale_date`, `pet_vaccine`, `pet_neuter`, `pet_note`) VALUES (2, 2, 2, 'hungarian ', 'f', 200, 200, 20, 'green', '2014-12-12', 'y', 'n', 'cute, future BFF');
INSERT INTO `rkp14`.`pet` (`pet_id`, `str_id`, `cus_id`, `pet_type`, `pet_sex`, `pet_cost`, `pet_price`, `pet_age`, `pet_color`, `pet_sale_date`, `pet_vaccine`, `pet_neuter`, `pet_note`) VALUES (3, 1, 3, 'Magi', 'f', 189, 200, 13, 'pink', '2014-11-11', 'y', 'n', 'special');
INSERT INTO `rkp14`.`pet` (`pet_id`, `str_id`, `cus_id`, `pet_type`, `pet_sex`, `pet_cost`, `pet_price`, `pet_age`, `pet_color`, `pet_sale_date`, `pet_vaccine`, `pet_neuter`, `pet_note`) VALUES (4, 1, 4, 'Duotone', 'm', 200, 215, 14, 'black', '2015-01-01', 'y', 'n', 'unique');
INSERT INTO `rkp14`.`pet` (`pet_id`, `str_id`, `cus_id`, `pet_type`, `pet_sex`, `pet_cost`, `pet_price`, `pet_age`, `pet_color`, `pet_sale_date`, `pet_vaccine`, `pet_neuter`, `pet_note`) VALUES (5, 2, 5, 'Storm', 'f', 210, 225, 35, 'purple ', '2015-02-02', 'y', 'n', 'funny ');
INSERT INTO `rkp14`.`pet` (`pet_id`, `str_id`, `cus_id`, `pet_type`, `pet_sex`, `pet_cost`, `pet_price`, `pet_age`, `pet_color`, `pet_sale_date`, `pet_vaccine`, `pet_neuter`, `pet_note`) VALUES (6, 3, 6, 'Big', 'f', 543, 543, 53, 'teal', '2017-03-04', 'y', 'n', NULL);
INSERT INTO `rkp14`.`pet` (`pet_id`, `str_id`, `cus_id`, `pet_type`, `pet_sex`, `pet_cost`, `pet_price`, `pet_age`, `pet_color`, `pet_sale_date`, `pet_vaccine`, `pet_neuter`, `pet_note`) VALUES (7, 4, 7, 'Little', 'f', 987, 9876, 98, 'yellow', '2016-03-03', 'y', 'n', NULL);
INSERT INTO `rkp14`.`pet` (`pet_id`, `str_id`, `cus_id`, `pet_type`, `pet_sex`, `pet_cost`, `pet_price`, `pet_age`, `pet_color`, `pet_sale_date`, `pet_vaccine`, `pet_neuter`, `pet_note`) VALUES (8, 5, 8, 'razorback', 'f', 543, 876, 54, 'black', '2016-02-03', 'y', 'n', NULL);
INSERT INTO `rkp14`.`pet` (`pet_id`, `str_id`, `cus_id`, `pet_type`, `pet_sex`, `pet_cost`, `pet_price`, `pet_age`, `pet_color`, `pet_sale_date`, `pet_vaccine`, `pet_neuter`, `pet_note`) VALUES (9, 6, 9, 'hugarian', 'm', 536, 977, 3, 'orange', '2016-03-07', 'n', 'y', NULL);
INSERT INTO `rkp14`.`pet` (`pet_id`, `str_id`, `cus_id`, `pet_type`, `pet_sex`, `pet_cost`, `pet_price`, `pet_age`, `pet_color`, `pet_sale_date`, `pet_vaccine`, `pet_neuter`, `pet_note`) VALUES (10, 7, 10, 'razortail', 'f', 522, 667, 2, 'pink', '2016-04-05', 'y', 'y', NULL);

COMMIT;

